{"cameraMode":{"drawMode":0,"name":"Shaded","section":"Shading Mode"},"sceneLighting":true,"audioPlay":false,"sceneViewState":{"m_AlwaysRefresh":false,"showFog":true,"showSkybox":true,"showFlares":true,"showImageEffects":true,"showParticleSystems":true,"showVisualEffectGraphs":true,"m_FxEnabled":true},"in2DMode":false,"pivot":{"x":10.489129066467286,"y":21.805978775024415,"z":35.95930862426758},"rotation":{"x":-0.2051287591457367,"y":0.43095147609710696,"z":-0.10127254575490952,"w":-0.8728973269462586},"size":12.839123725891114,"orthographic":false}